Wall time,Step,Value
1581925803.5394523,5718,1.3566234111785889
1581926246.7895908,10000,1.322235345840454
