Wall time,Step,Value
1581916981.552009,1021,1.0905159711837769
1581918178.2108562,3002,1.0343323945999146
1581918778.361534,3990,1.0356093645095825
1581919378.47852,4979,1.008987545967102
1581919978.8996694,5965,1.0063456296920776
1581920579.8164961,6933,1.0389703512191772
1581921181.0487857,7921,1.2529487609863281
1581922379.9814134,9923,1.203692078590393
1581922449.4429207,10000,1.0304733514785767
