Wall time,Step,Value
1581925803.5394523,5718,1.1519544124603271
1581926246.7895908,10000,1.0757979154586792
