Wall time,Step,Value
1581916981.552009,1021,0.8454383015632629
1581918178.2108562,3002,0.7872350811958313
1581918778.361534,3990,0.8091515898704529
1581919378.47852,4979,0.7893105745315552
1581919978.8996694,5965,0.7448534965515137
1581920579.8164961,6933,0.8203660845756531
1581921181.0487857,7921,1.0185507535934448
1581922379.9814134,9923,0.9504209756851196
1581922449.4429207,10000,0.8550575375556946
