Wall time,Step,Value
1581925803.5394523,5718,1.840427041053772
1581926246.7895908,10000,1.748306155204773
