Wall time,Step,Value
1582175781.5262246,437,0.9519011974334717
1582176376.8537378,844,0.5901498198509216
1582176977.3243084,1267,0.5279550552368164
1582177583.6642442,1672,0.6389753818511963
1582178180.5589197,2069,0.796509325504303
1582178780.0527236,2476,0.6131417155265808
1582179384.538365,2889,0.854619026184082
1582180085.479424,3173,0.4657638669013977
1582180686.0291052,3374,0.3809121549129486
1582181881.2593515,3827,1.5041357278823853
1582182481.88422,4032,0.5939396023750305
1582183084.5896928,4218,0.5511375665664673
1582183687.2712,4425,0.5425680875778198
1582184288.3872507,4614,0.6265632510185242
1582184889.0684617,4820,0.985302746295929
1582185491.5899749,5026,0.4166286587715149
1582186696.2533646,5475,0.3799557685852051
1582187293.9548557,5684,0.5864021182060242
1582187895.3097544,5875,0.44686976075172424
1582189098.6485066,6342,0.44270482659339905
1582189699.0617979,6533,0.36727872490882874
1582190902.3990004,7001,0.3515137732028961
1582192107.4720063,7448,0.42226919531822205
1582193311.32166,7910,0.39383789896965027
1582193903.9836574,8115,0.808650553226471
1582195111.9307973,8561,0.576775312423706
1582196310.795488,9022,0.511176586151123
1582197510.9264827,9468,0.32962122559547424
1582198716.1407895,9911,0.2893590033054352
1582199019.1867929,10000,0.3293200135231018
