Wall time,Step,Value
1581916981.552009,1021,1.189225196838379
1581918178.2108562,3002,1.0698435306549072
1581918778.361534,3990,1.0724867582321167
1581919378.47852,4979,1.0180559158325195
1581919978.8996694,5965,1.0127314329147339
1581920579.8164961,6933,1.079459309577942
1581921181.0487857,7921,1.569880723953247
1581922379.9814134,9923,1.4488747119903564
1581922449.4429207,10000,1.061875343322754
