Wall time,Step,Value
1581916981.552009,1021,0.289513498544693
1581918178.2108562,3002,0.2933349311351776
1581918778.361534,3990,0.2513623833656311
1581919378.47852,4979,0.2897818684577942
1581919978.8996694,5965,0.28156980872154236
1581920579.8164961,6933,0.33158618211746216
1581921181.0487857,7921,0.408120721578598
1581922379.9814134,9923,0.4169183671474457
1581922449.4429207,10000,0.2834978401660919
