Wall time,Step,Value
1581925803.5394523,5718,0.40602391958236694
1581926246.7895908,10000,0.3620707094669342
