Wall time,Step,Value
1581916981.552009,1021,0.32866328954696655
1581918178.2108562,3002,0.3663131892681122
1581918778.361534,3990,0.32331597805023193
1581919378.47852,4979,0.3567449748516083
1581919978.8996694,5965,0.35387882590293884
1581920579.8164961,6933,0.3844448924064636
1581921181.0487857,7921,0.5356897711753845
1581922379.9814134,9923,0.507448673248291
1581922449.4429207,10000,0.34884876012802124
