Wall time,Step,Value
1582004064.7397487,444,0.32648688554763794
1582004663.5895903,870,0.3167457580566406
1582005264.4692173,1288,0.3501458764076233
1582005866.1929803,1710,0.32932451367378235
1582006471.9002168,2122,0.3410475552082062
1582007666.7820532,2999,0.2925003468990326
1582008266.792507,3440,0.3301183581352234
1582008867.7356038,3881,0.3059386909008026
1582010068.4309187,4791,0.34172704815864563
1582010668.587433,5231,0.31614360213279724
1582011269.0641332,5672,0.3180865943431854
1582011869.7618694,6113,0.32137489318847656
1582012470.7848074,6554,0.3137610852718353
1582013072.3201373,6996,0.3402850329875946
1582014272.8411448,7905,0.347553551197052
1582014874.149035,8346,0.35824906826019287
1582015475.155843,8788,0.36896392703056335
1582016075.4349134,9228,0.3697027862071991
1582016676.2226765,9669,0.34405410289764404
1582017135.6530194,10000,0.32667094469070435
