Wall time,Step,Value
1581925803.5394523,5718,0.4517574608325958
1581926246.7895908,10000,0.4835833013057709
