Wall time,Step,Value
1581925803.5394523,5718,2.0445101261138916
1581926246.7895908,10000,1.982161521911621
