Wall time,Step,Value
1582175781.5262246,437,1.2325657606124878
1582176376.8537378,844,0.7094093561172485
1582176977.3243084,1267,0.6418024301528931
1582177583.6642442,1672,0.7987812161445618
1582178180.5589197,2069,1.288476586341858
1582178780.0527236,2476,0.8336322903633118
1582179384.538365,2889,1.1183325052261353
1582180085.479424,3173,0.5871309638023376
1582180686.0291052,3374,0.4683768153190613
1582181881.2593515,3827,2.3095953464508057
1582182481.88422,4032,0.6843098998069763
1582183084.5896928,4218,0.6997525095939636
1582183687.2712,4425,0.6495709419250488
1582184288.3872507,4614,0.7448690533638
1582184889.0684617,4820,1.3678666353225708
1582185491.5899749,5026,0.519302487373352
1582186696.2533646,5475,0.5027599334716797
1582187293.9548557,5684,0.7334797382354736
1582187895.3097544,5875,0.5288416147232056
1582189098.6485066,6342,0.5431252121925354
1582189699.0617979,6533,0.4890178442001343
1582190902.3990004,7001,0.41767510771751404
1582192107.4720063,7448,0.5341988205909729
1582193311.32166,7910,0.5153693556785583
1582193903.9836574,8115,1.21820068359375
1582195111.9307973,8561,0.6863784193992615
1582196310.795488,9022,0.7019559741020203
1582197510.9264827,9468,0.4379633069038391
1582198716.1407895,9911,0.3575455844402313
1582199019.1867929,10000,0.40674424171447754
