Wall time,Step,Value
1581916981.552009,1021,1.2972427606582642
1581918178.2108562,3002,1.2040271759033203
1581918778.361534,3990,1.1770188808441162
1581919378.47852,4979,1.1453231573104858
1581919978.8996694,5965,1.1379622220993042
1581920579.8164961,6933,1.2272566556930542
1581921181.0487857,7921,1.8568423986434937
1581922379.9814134,9923,1.706376314163208
1581922449.4429207,10000,1.1835709810256958
